{"cameraMode":{"drawMode":0,"name":"Shaded","section":"Shading Mode"},"sceneLighting":true,"audioPlay":false,"sceneViewState":{"showFog":true,"showMaterialUpdate":false,"showSkybox":true,"showFlares":true,"showImageEffects":true,"showParticleSystems":true},"in2DMode":false,"pivot":{"x":11.97754955291748,"y":0.7296638488769531,"z":14.693004608154297},"rotation":{"x":-0.09048816561698914,"y":0.8645861148834229,"z":-0.16834862530231477,"w":-0.46471887826919558},"size":6.018009185791016,"orthographic":false}