{"cameraMode":{"drawMode":0,"name":"Shaded","section":"Shading Mode"},"sceneLighting":true,"audioPlay":false,"sceneViewState":{"showFog":true,"showMaterialUpdate":false,"showSkybox":true,"showFlares":true,"showImageEffects":true,"showParticleSystems":true},"in2DMode":false,"pivot":{"x":54.77000045776367,"y":53.63999938964844,"z":-8.859999656677246},"rotation":{"x":0.1616906374692917,"y":0.514913022518158,"z":-0.09969256818294525,"w":0.8360801339149475},"size":8.7098388671875,"orthographic":true}