{"cameraMode":{"drawMode":0,"name":"Shaded","section":"Shading Mode"},"sceneLighting":false,"audioPlay":false,"sceneViewState":{"showFog":true,"showMaterialUpdate":false,"showSkybox":false,"showFlares":true,"showImageEffects":true,"showParticleSystems":true},"in2DMode":false,"pivot":{"x":-8.990633964538575,"y":0.18956483900547028,"z":26.043569564819337},"rotation":{"x":0.2888873815536499,"y":-0.6831631660461426,"z":0.33677905797958376,"w":0.5804877281188965},"size":3.843982696533203,"orthographic":true}