{"cameraMode":{"drawMode":0,"name":"Shaded","section":"Shading Mode"},"sceneLighting":false,"audioPlay":false,"sceneViewState":{"showFog":true,"showMaterialUpdate":false,"showSkybox":false,"showFlares":true,"showImageEffects":true,"showParticleSystems":true},"in2DMode":false,"pivot":{"x":-27.546001434326173,"y":0.07332600653171539,"z":28.758005142211915},"rotation":{"x":0.2888873815536499,"y":-0.6831631660461426,"z":0.33677905797958376,"w":0.5804877281188965},"size":4.3088250160217289,"orthographic":true}