{"cameraMode":{"drawMode":0,"name":"Shaded","section":"Shading Mode"},"sceneLighting":true,"audioPlay":false,"sceneViewState":{"showFog":true,"showMaterialUpdate":false,"showSkybox":true,"showFlares":true,"showImageEffects":true,"showParticleSystems":true},"in2DMode":false,"pivot":{"x":-0.5807714462280273,"y":0.2698507308959961,"z":0.41480064392089846},"rotation":{"x":-0.08833108097314835,"y":0.8936944603919983,"z":-0.20201580226421357,"w":-0.39076632261276247},"size":10.0,"orthographic":false}