{"cameraMode":{"drawMode":0,"name":"Shaded","section":"Shading Mode"},"sceneLighting":true,"audioPlay":false,"sceneViewState":{"showFog":true,"showMaterialUpdate":false,"showSkybox":true,"showFlares":true,"showImageEffects":true,"showParticleSystems":true},"in2DMode":false,"pivot":{"x":8.807626724243164,"y":9.919565200805664,"z":16.679729461669923},"rotation":{"x":0.252191424369812,"y":-0.1335984170436859,"z":0.0330364927649498,"w":0.9581286907196045},"size":1.6401112079620362,"orthographic":true}