{"cameraMode":{"drawMode":0,"name":"Shaded","section":"Shading Mode"},"sceneLighting":false,"audioPlay":false,"sceneViewState":{"showFog":true,"showMaterialUpdate":false,"showSkybox":false,"showFlares":true,"showImageEffects":true,"showParticleSystems":true},"in2DMode":false,"pivot":{"x":-37.94614791870117,"y":-0.5081740021705627,"z":26.181900024414064},"rotation":{"x":-0.04256081208586693,"y":0.2056398093700409,"z":-0.008925327099859715,"w":-0.9776998162269592},"size":4.262190818786621,"orthographic":true}