{"cameraMode":{"drawMode":0,"name":"Shaded","section":"Shading Mode"},"sceneLighting":true,"audioPlay":false,"sceneViewState":{"showFog":true,"showMaterialUpdate":false,"showSkybox":true,"showFlares":true,"showImageEffects":true,"showParticleSystems":true},"in2DMode":false,"pivot":{"x":52.32899856567383,"y":50.512001037597659,"z":-7.714000225067139},"rotation":{"x":-0.21272175014019013,"y":0.6235383152961731,"z":-0.18165962398052216,"w":-0.7301145792007446},"size":1.8559643030166627,"orthographic":true}