{"cameraMode":{"drawMode":0,"name":"Shaded","section":"Shading Mode"},"sceneLighting":false,"audioPlay":false,"sceneViewState":{"showFog":true,"showMaterialUpdate":false,"showSkybox":false,"showFlares":true,"showImageEffects":true,"showParticleSystems":true},"in2DMode":false,"pivot":{"x":-43.314544677734378,"y":-0.7276813983917236,"z":22.64095687866211},"rotation":{"x":0.16783183813095094,"y":0.41842710971832278,"z":-0.07905840128660202,"w":0.8891606330871582},"size":6.2371134757995609,"orthographic":true}