{"cameraMode":{"drawMode":0,"name":"Shaded","section":"Shading Mode"},"sceneLighting":false,"audioPlay":false,"sceneViewState":{"showFog":true,"showMaterialUpdate":false,"showSkybox":false,"showFlares":true,"showImageEffects":true,"showParticleSystems":true},"in2DMode":false,"pivot":{"x":2.3299999237060549,"y":2.250999927520752,"z":16.200000762939454},"rotation":{"x":0.15145455300807954,"y":-0.32544204592704775,"z":0.052824489772319797,"w":0.93190598487854},"size":0.1534758061170578,"orthographic":true}