{"cameraMode":{"drawMode":0,"name":"Shaded","section":"Shading Mode"},"sceneLighting":true,"audioPlay":false,"sceneViewState":{"showFog":true,"showMaterialUpdate":false,"showSkybox":true,"showFlares":true,"showImageEffects":true,"showParticleSystems":true},"in2DMode":false,"pivot":{"x":8.807626724243164,"y":9.919565200805664,"z":16.679729461669923},"rotation":{"x":0.2569608688354492,"y":0.10684385895729065,"z":-0.02959928847849369,"w":0.9602088332176209},"size":1.3611984252929688,"orthographic":true}