{"cameraMode":{"drawMode":0,"name":"Shaded","section":"Shading Mode"},"sceneLighting":false,"audioPlay":false,"sceneViewState":{"showFog":true,"showMaterialUpdate":false,"showSkybox":false,"showFlares":true,"showImageEffects":true,"showParticleSystems":true},"in2DMode":false,"pivot":{"x":0.9605000019073486,"y":0.2926519811153412,"z":25.616695404052736},"rotation":{"x":0.2888873815536499,"y":-0.6831631660461426,"z":0.33677905797958376,"w":0.5804877281188965},"size":4.00531005859375,"orthographic":true}