{"cameraMode":{"drawMode":0,"name":"Shaded","section":"Shading Mode"},"sceneLighting":false,"audioPlay":false,"sceneViewState":{"showFog":true,"showMaterialUpdate":false,"showSkybox":false,"showFlares":true,"showImageEffects":true,"showParticleSystems":true},"in2DMode":false,"pivot":{"x":17.54922103881836,"y":-0.7144458293914795,"z":25.51165008544922},"rotation":{"x":0.06651274114847183,"y":0.0299538504332304,"z":-0.002065759850665927,"w":0.997380256652832},"size":3.161267042160034,"orthographic":true}