{"cameraMode":{"drawMode":0,"name":"Shaded","section":"Shading Mode"},"sceneLighting":true,"audioPlay":false,"sceneViewState":{"showFog":true,"showMaterialUpdate":false,"showSkybox":true,"showFlares":true,"showImageEffects":true,"showParticleSystems":true},"in2DMode":false,"pivot":{"x":9.495128631591797,"y":7.039999961853027,"z":15.790000915527344},"rotation":{"x":-0.011140369810163975,"y":0.9815415740013123,"z":-0.18165306746959687,"w":-0.060100484639406207},"size":22.848918914794923,"orthographic":true}