{"cameraMode":{"drawMode":0,"name":"Shaded","section":"Shading Mode"},"sceneLighting":false,"audioPlay":false,"sceneViewState":{"showFog":true,"showMaterialUpdate":false,"showSkybox":false,"showFlares":true,"showImageEffects":true,"showParticleSystems":true},"in2DMode":false,"pivot":{"x":22.15310287475586,"y":0.7147728800773621,"z":25.59259796142578},"rotation":{"x":0.22259199619293214,"y":-0.31600770354270937,"z":0.0765126645565033,"w":0.9191552996635437},"size":3.3231427669525148,"orthographic":true}