{"cameraMode":{"drawMode":0,"name":"Shaded","section":"Shading Mode"},"sceneLighting":true,"audioPlay":false,"sceneViewState":{"showFog":true,"showMaterialUpdate":false,"showSkybox":true,"showFlares":true,"showImageEffects":true,"showParticleSystems":true},"in2DMode":false,"pivot":{"x":58.130001068115237,"y":46.630001068115237,"z":-6.309999942779541},"rotation":{"x":0.27418163418769839,"y":-0.7065547704696655,"z":0.34713277220726015,"w":0.5528274178504944},"size":0.7207913398742676,"orthographic":true}