{"cameraMode":{"drawMode":0,"name":"Shaded","section":"Shading Mode"},"sceneLighting":true,"audioPlay":false,"sceneViewState":{"showFog":true,"showMaterialUpdate":false,"showSkybox":true,"showFlares":true,"showImageEffects":true,"showParticleSystems":true},"in2DMode":false,"pivot":{"x":8.6563081741333,"y":9.919565200805664,"z":16.679729461669923},"rotation":{"x":0.2073459029197693,"y":-0.40085896849632265,"z":0.09362729638814926,"w":0.8875136971473694},"size":4.363483905792236,"orthographic":true}