{"cameraMode":{"drawMode":0,"name":"Shaded","section":"Shading Mode"},"sceneLighting":false,"audioPlay":false,"sceneViewState":{"showFog":true,"showMaterialUpdate":false,"showSkybox":false,"showFlares":true,"showImageEffects":true,"showParticleSystems":true},"in2DMode":false,"pivot":{"x":12.880000114440918,"y":-1.3571223020553589,"z":25.219999313354493},"rotation":{"x":0.22149135172367097,"y":-0.5605392456054688,"z":0.15876075625419618,"w":0.7820230722427368},"size":4.175582408905029,"orthographic":true}