{"cameraMode":{"drawMode":0,"name":"Shaded","section":"Shading Mode"},"sceneLighting":true,"audioPlay":false,"sceneViewState":{"showFog":true,"showMaterialUpdate":false,"showSkybox":true,"showFlares":true,"showImageEffects":true,"showParticleSystems":true},"in2DMode":false,"pivot":{"x":9.495128631591797,"y":7.040000915527344,"z":21.350000381469728},"rotation":{"x":-0.144565150141716,"y":-0.07612994313240051,"z":0.011268197558820248,"w":-0.9866204261779785},"size":80.69263458251953,"orthographic":true}